日期,阶段,执行内容,结果,备注,基线版本
2026-08-05,项目启动,环境核验（check_env.py）通过,成功,端口可用/标记test,——
2026-08-05,项目启动,启动桥接服务（PID 13992）,成功,健康检查 ok,——
2026-08-05,项目启动,启动登记/章程/干系人/范围/可行性/就绪确认,成功,环节1-6用户确认,——
2026-08-05,项目启动,创建台账基线 v0.2,成功,17 CSV,——
2026-08-06,投产部署,策略分析（大爆炸+备份回滚）/方案12章/变更审批 CHG-M6-001,成功,段波批准,——
2026-08-06,投产部署,发布准备（备份M6+就绪清单+预演通过）,成功,回滚演练≤3分钟,——
2026-08-06,投产部署,Go-Live六维评审通过+发布执行（PID 1700/1709）,成功,稳定期观察中,——
2026-08-07,归档交接,更新收尾归档台账/交接文档v2.0/归档快照zip,成功,全生命周期闭环,——
2026-08-09,收尾验证,P95基准补测（20组）+token验证+skills清理+launchd配置,成功,commit d4829fd,——
2026-08-09,收尾验证,真实消息全链路打通：兼容2.0事件格式/本地凭证优先/缩进修复,成功,commit 0c9dba0推送GitHub,——
2026-08-09,收尾验证,真实open_id推送验收通过（应用cli_aa82c1b457b89bc3）,成功,KWOWN-001闭环,——
2026-08-09,固化交接,备份M7_20260809/更新台账/交接文档,成功,阶段自动固化,——
2026-08-11,需求分析（再评审）,SRS v0.2需求评审：IEEE 29148十四原则逐项检查+OpenClaw缺失差距分析,未通过,6项缺陷(严重0/主要3/次要3)待整改,——
2026-08-12,需求分析（再评审2轮）,SRS v0.2再评审：IEEE 29148十四原则+SRS与源码交叉校验,未通过,13项缺陷(严重0/主要6/次要7)待整改,——
2026-08-12,需求分析（缺陷整改）,SRS v0.3修订：8个文件修改，13项缺陷全部修复（仅改需求不改代码）,成功,需求28→35条/新增SRC-007+008/质量校验9/9通过,v0.3
2026-08-12,需求分析（OpenClaw路线v0.3升版）,基于v0.2 OpenClaw路线新建SRS v0.3：补齐03_外部接口(IF-001~008)+固化评审缺陷(优先级一致性)+复审15/15通过,成功,9章齐备/追溯16-16/冲突8/8闭环,——
2026-08-12,架构设计（重置v0.3）,架构设计师重置：v0.1桥接体系→v0.3 OpenClaw体系,成功,策略/设计/ADR/原型/评审/基线全重建23份+备份v0.1桥接体系31份,——
2026-08-12,架构评审（v0.3）,ATAM评审：需求覆盖16-16/七原则7-7/接口对齐/反模式无严重,通过(6/6),3项次要缺陷登记(ARCH-DEF-101~103),——
2026-08-12,架构P6修复,ACP阻塞根因定位并修复：sandbox.mode all→off（无Docker）+acpx permissionMode=approve-all+Gateway重启,成功,ARCH-DEF-101闭环；ACP配置/sandbox/opencode acp server全部就绪,——
2026-08-12,入站就绪,确认飞书长连接订阅已生效+groupAllowFrom放行目标群+acpx backend registered lazily,成功,飞书渠道 connected/works；群路由会话结构已建立；待群@触发端到端,——
