评审项,结果,说明
文档完整性,通过,架构资产 v0.3 已重建：策略3+设计7+决策5+原型4+基线3，23份齐备
需求覆盖,通过,SRS v0.3 16条 N-REQ 全部覆盖，无遗漏
七原则合规,通过,7/7：模块化/内聚/松耦合/抽象/信息隐藏/单点控制/可扩展
分层清晰,通过,三层：飞书客户端→OpenClaw Gateway→OpenCode
循环依赖,通过,组件依赖图单向无环
接口设计,通过,IF-001~008 覆盖全部外部接口（SRS 03章对齐）
数据架构,通过,会话持久化（决策反转）+凭证0600+元数据留痕
安全架构,通过,凭证/白名单/requireMention/权限确认/环境约束
技术选型,通过,OpenClaw长连接+ACP adapter+LaunchAgent，官方LTS路线
反模式检查,通过,无God Object/无vendor lock-in/无over-engineering
POC验证,有条件通过,7/8通过；P6 ACP smoke待JSON格式重测
性能基准,待实测,P95≤15s（REQ-017）前置条件未就绪
缺陷,0严重/0主要/2次要待办,次要：P6重测、飞书订阅切换（方案A）
