原则,检查项,结果,说明
Necessary,每条需求必要且不可移除,✅ 通过,16条N-REQ均必要；废弃需求已移出
Appropriate,抽象层级恰当无实现细节,✅ 通过,需求描述WHAT层级
Complete,单条需求信息完整,✅ 通过,每条含编号/分类/描述/输入/输出/优先级
Conforming,符合标准模板,✅ 通过,编号规范N-REQ-XX；接口契约IF-001~008齐全
Correct,正确反映干系人意图,✅ 通过,反映OpenClaw长连接+ACP路线；SRS与配置一致
Feasible,约束内可实现,✅ 通过,16条需求在test环境可实现
Singular,每条仅一个方面,✅ 通过,单条单一方面
Unambiguous,无歧义仅一种解释,✅ 通过,环境口径仅test；端口/权限明确
Verifiable,可量化可验证,✅ 通过,性能指标量化；验收标准16/16含量化条件
集合-Complete,覆盖全部维度需求,✅ 通过,7维度分析报告齐全；接口章节补齐
集合-Consistent,需求间无冲突矛盾,✅ 通过,冲突8条全闭环；废弃自研描述一致
集合-Feasible,整体可实现,✅ 通过,OpenClaw路线已实测出站成功
集合-Comprehensible,整体可理解,✅ 通过,术语定义含OpenClaw生态；数据流含编排层
集合-Validatable,可对照干系人意图验证,✅ 通过,可对照用户完整设想验证
代码一致性,SRS与配置一致,✅ 通过,acp.enabled=true/绑定群oc_7e3442d95ddf0b3c226cb528a4db2ced/cwd=/Volumes/KINGSTON120G/feishu-robot-project
评审结论,——,14/14原则+代码一致性全通过,通过
