评审维度,评审项,结论,问题说明,处置
Necessary,每条需求必要且不可移除,⚠️ 有条件,REQ-006含Web页面应剥离；Token告警/发送重试/会话隔离缺失,修复REV-06~09
Appropriate,抽象层级恰当无实现细节,✅ 通过,需求描述WHAT层,无
Complete,单条需求信息完整,⚠️ 有条件,REQ-012长度表述歧义,修复REV-03
Conforming,表示符合标准模板,✅ 通过,编号REQ-维度-模块-序号规范,无
Correct,正确反映干系人意图,✅ 通过,基于存量代码与AGENTS.md,无
Feasible,约束内可实现,✅ 通过,单机test环境可实现,无
Singular,每条仅一个方面,❌ 不通过,002/008/009/006混含多能力,修复REV-01/02/06
Unambiguous,无歧义仅一种解释,⚠️ 有条件,REQ-012歧义/REQ-NFR-001口径不明,修复REV-03/04
Verifiable,可量化可验证,⚠️ 有条件,SEC-003窗口算法未定义,修复REV-05
集合Complete,覆盖全部已选维度,⚠️ 有条件,缺告警/重试/隔离需求,修复REV-07~09
集合Consistent,需求间无冲突,✅ 通过,冲突消解记录已关闭,无
集合Feasible,整体可实现,✅ 通过,22条全部单机可实现,无
集合Comprehensible,整体可理解,✅ 通过,术语表已定义,无
集合Validatable,可对照干系人意图验证,⚠️ 有条件,响应/可用性口径需量化,修复REV-04
