评审项,评审维度,评审发现,判定,整改结果
前置门禁,追溯覆盖率,16/16 新需求已追溯,通过,—
前置门禁,冲突消解,8 条冲突全部闭环（已消解/已失效）,通过,—
前置门禁,验收标准,16 条 N-REQ 全含量化验收标准,通过,—
前置门禁,标准合规,涉密需求（N-REQ-10/REQ-018）均有安全控制,通过,—
完整性,需求覆盖,收集清单 16 条与 SRS 功能需求无缺失映射,通过,—
完整性,维度覆盖,7 维度分析齐全（功能15/安全9/数据6/环境9/非功能7/接口8/界面5）,通过,—
一致性,优先级冲突,发现 2 处：N-REQ-08(Must/Should)、N-REQ-05(Should/Must),缺陷-主要,已修复：统一为清单权威值 Must/Should
一致性,失效残留,SRS 无旧 REQ 残留（仅保留 REQ-017/019 有效）,通过,—
可测试性,验收量化,16 条验收标准均含可验证条件（日志出现/端口无进程/15s回复等）,通过,—
可追溯性,编号追溯,追溯矩阵 16 条与收集清单 100% 对齐,通过,—
可追溯性,来源追溯,来源映射区 5 条 SRC 覆盖全部需求,通过,—
合规性,安全合规,凭证保护/白名单/会话隔离/环境约束均有安全措施,通过,—
评审结论,——,有条件通过：2 处主要缺陷已闭环,通过,—
